{
    "roc": {
        "thresholds": [
            1,
            0.99,
            0.98,
            0.97,
            0.96,
            0.95,
            0.94,
            0.93,
            0.92,
            0.91,
            0.9,
            0.89,
            0.88,
            0.87,
            0.86,
            0.85,
            0.84,
            0.83,
            0.82,
            0.81,
            0.8,
            0.79,
            0.78,
            0.77,
            0.76,
            0.75,
            0.74,
            0.73,
            0.72,
            0.71,
            0.7,
            0.69,
            0.68,
            0.67,
            0.66,
            0.65,
            0.64,
            0.63,
            0.62,
            0.61,
            0.6,
            0.59,
            0.58,
            0.57,
            0.56,
            0.55,
            0.54,
            0.53,
            0.52,
            0.51,
            0.5,
            0.49,
            0.48,
            0.47,
            0.46,
            0.45,
            0.44,
            0.43,
            0.42,
            0.41,
            0.4,
            0.39,
            0.38,
            0.37,
            0.36,
            0.35,
            0.34,
            0.33,
            0.32,
            0.31,
            0.3,
            0.29,
            0.28,
            0.27,
            0.26,
            0.25,
            0.24,
            0.23,
            0.22,
            0.21,
            0.2,
            0.19,
            0.18,
            0.17,
            0.16,
            0.15,
            0.14,
            0.13,
            0.12,
            0.11,
            0.1,
            0.09,
            0.08,
            0.07,
            0.06,
            0.05,
            0.04,
            0.03,
            0.02,
            0.01
        ],
        "gar": [
            1,
            0.972393,
            0.93865,
            0.895706,
            0.846626,
            0.803681,
            0.763804,
            0.693252,
            0.659509,
            0.613497,
            0.588957,
            0.555215,
            0.533742,
            0.518405,
            0.506135,
            0.5,
            0.478528,
            0.478528,
            0.472393,
            0.469325,
            0.457055,
            0.447853,
            0.447853,
            0.43865,
            0.435583,
            0.423313,
            0.407975,
            0.404908,
            0.395706,
            0.392638,
            0.389571,
            0.386503,
            0.383436,
            0.377301,
            0.365031,
            0.358896,
            0.346626,
            0.343558,
            0.334356,
            0.328221,
            0.322086,
            0.315951,
            0.309816,
            0.303681,
            0.297546,
            0.288344,
            0.285276,
            0.282209,
            0.273006,
            0.260736,
            0.239264,
            0.236196,
            0.233129,
            0.214724,
            0.211656,
            0.190184,
            0.187117,
            0.174847,
            0.159509,
            0.144172,
            0.134969,
            0.116564,
            0.0981595,
            0.0797546,
            0.0705521,
            0.0674847,
            0.0644172,
            0.0613497,
            0.0582822,
            0.0552147,
            0.0490798,
            0.0490798,
            0.0429448,
            0.0368098,
            0.0276074,
            0.0214724,
            0.0153374,
            0.00920245,
            0.00306748,
            0.00306748,
            0.00306748,
            0.00306748,
            0,
            0,
            0,
            0,
            0,
            0,
            0,
            0,
            0,
            0,
            0,
            0,
            0,
            0,
            0,
            0,
            0,
            0
        ],
        "far": [
            1,
            0.865661,
            0.743511,
            0.610323,
            0.478382,
            0.360438,
            0.255667,
            0.17672,
            0.126782,
            0.0885078,
            0.0658388,
            0.0415599,
            0.0271043,
            0.0194165,
            0.0133714,
            0.00910047,
            0.00607793,
            0.00413956,
            0.00289112,
            0.00193837,
            0.00151127,
            0.000887049,
            0.000657073,
            0.000492805,
            0.000328537,
            0.000229976,
            0.000164268,
            0.000131415,
            6.57073e-05,
            6.57073e-05,
            6.57073e-05,
            6.57073e-05,
            3.28537e-05,
            0,
            0,
            0,
            0,
            0,
            0,
            0,
            0,
            0,
            0,
            0,
            0,
            0,
            0,
            0,
            0,
            0,
            0,
            0,
            0,
            0,
            0,
            0,
            0,
            0,
            0,
            0,
            0,
            0,
            0,
            0,
            0,
            0,
            0,
            0,
            0,
            0,
            0,
            0,
            0,
            0,
            0,
            0,
            0,
            0,
            0,
            0,
            0,
            0,
            0,
            0,
            0,
            0,
            0,
            0,
            0,
            0,
            0,
            0,
            0,
            0,
            0,
            0,
            0,
            0,
            0,
            0
        ]
    }
}