{
    "roc": {
        "thresholds": [
            1,
            0.99,
            0.98,
            0.97,
            0.96,
            0.95,
            0.94,
            0.93,
            0.92,
            0.91,
            0.9,
            0.89,
            0.88,
            0.87,
            0.86,
            0.85,
            0.84,
            0.83,
            0.82,
            0.81,
            0.8,
            0.79,
            0.78,
            0.77,
            0.76,
            0.75,
            0.74,
            0.73,
            0.72,
            0.71,
            0.7,
            0.69,
            0.68,
            0.67,
            0.66,
            0.65,
            0.64,
            0.63,
            0.62,
            0.61,
            0.6,
            0.59,
            0.58,
            0.57,
            0.56,
            0.55,
            0.54,
            0.53,
            0.52,
            0.51,
            0.5,
            0.49,
            0.48,
            0.47,
            0.46,
            0.45,
            0.44,
            0.43,
            0.42,
            0.41,
            0.4,
            0.39,
            0.38,
            0.37,
            0.36,
            0.35,
            0.34,
            0.33,
            0.32,
            0.31,
            0.3,
            0.29,
            0.28,
            0.27,
            0.26,
            0.25,
            0.24,
            0.23,
            0.22,
            0.21,
            0.2,
            0.19,
            0.18,
            0.17,
            0.16,
            0.15,
            0.14,
            0.13,
            0.12,
            0.11,
            0.1,
            0.09,
            0.08,
            0.07,
            0.06,
            0.05,
            0.04,
            0.03,
            0.02,
            0.01
        ],
        "gar": [
            1,
            0.990798,
            0.935583,
            0.907975,
            0.865031,
            0.812883,
            0.760736,
            0.699387,
            0.650307,
            0.634969,
            0.604294,
            0.58589,
            0.567485,
            0.53681,
            0.509202,
            0.493865,
            0.484663,
            0.484663,
            0.472393,
            0.453988,
            0.447853,
            0.435583,
            0.435583,
            0.432515,
            0.42638,
            0.423313,
            0.417178,
            0.411043,
            0.404908,
            0.398773,
            0.398773,
            0.389571,
            0.389571,
            0.386503,
            0.377301,
            0.361963,
            0.358896,
            0.349693,
            0.349693,
            0.340491,
            0.319018,
            0.315951,
            0.306748,
            0.303681,
            0.297546,
            0.288344,
            0.279141,
            0.279141,
            0.273006,
            0.260736,
            0.242331,
            0.236196,
            0.236196,
            0.230061,
            0.223926,
            0.211656,
            0.202454,
            0.187117,
            0.174847,
            0.165644,
            0.162577,
            0.159509,
            0.150307,
            0.138037,
            0.131902,
            0.113497,
            0.104294,
            0.0920245,
            0.0828221,
            0.0674847,
            0.0490798,
            0.0460123,
            0.0306748,
            0.0276074,
            0.0214724,
            0.0122699,
            0.0122699,
            0.00920245,
            0.00613497,
            0.00306748,
            0.00306748,
            0.00306748,
            0.00306748,
            0.00306748,
            0.00306748,
            0.00306748,
            0,
            0,
            0,
            0,
            0,
            0,
            0,
            0,
            0,
            0,
            0,
            0,
            0,
            0
        ],
        "far": [
            1,
            0.873021,
            0.731881,
            0.608581,
            0.462908,
            0.348873,
            0.249655,
            0.177935,
            0.126487,
            0.0925816,
            0.0673829,
            0.046028,
            0.0338721,
            0.0244431,
            0.0189894,
            0.0145542,
            0.0116302,
            0.00910047,
            0.00765491,
            0.00647217,
            0.00551942,
            0.0044681,
            0.00381103,
            0.00318681,
            0.00275971,
            0.00243117,
            0.00216834,
            0.00183981,
            0.00154412,
            0.00128129,
            0.00101846,
            0.000854195,
            0.00062422,
            0.000558512,
            0.000459951,
            0.000427098,
            0.000328537,
            0.000229976,
            0.000229976,
            0.000229976,
            0.000131415,
            9.8561e-05,
            9.8561e-05,
            6.57073e-05,
            6.57073e-05,
            6.57073e-05,
            6.57073e-05,
            3.28537e-05,
            3.28537e-05,
            3.28537e-05,
            3.28537e-05,
            3.28537e-05,
            3.28537e-05,
            3.28537e-05,
            3.28537e-05,
            3.28537e-05,
            3.28537e-05,
            3.28537e-05,
            3.28537e-05,
            0,
            0,
            0,
            0,
            0,
            0,
            0,
            0,
            0,
            0,
            0,
            0,
            0,
            0,
            0,
            0,
            0,
            0,
            0,
            0,
            0,
            0,
            0,
            0,
            0,
            0,
            0,
            0,
            0,
            0,
            0,
            0,
            0,
            0,
            0,
            0,
            0,
            0,
            0,
            0,
            0
        ]
    }
}